waveform,target_hz,detected_hz,cents,pass,rms,peak,thd_percent
sine,440.0,439.99999999999994,-1.9220559022889507e-13,True,0.5656541503598919,0.799957275390625,0.0010710926261971675
square,440.0,439.99999999999994,-1.9220559022889507e-13,True,0.7937040157478948,0.94354248046875,42.87946013672311
sawtooth,440.0,440.0000000000002,7.688223609155801e-13,True,0.45631532740491026,0.91217041015625,74.14812488672163
triangle,440.0,439.99999999999994,-1.9220559022889507e-13,True,0.46185098976495653,0.787506103515625,12.048770885272981
