index,note,target_hz,detected_hz,cents,verdict
1,C4,261.6255653005986,261.59850641535235,-0.17906386973463276,PASS
2,D4,293.6647679174076,293.6397856565955,-0.14728351858816432,PASS
3,E4,329.6275569128699,329.60059565098345,-0.1416088024401247,PASS
4,F4,349.2282314330039,349.2014817736316,-0.1326115434473237,PASS
5,G4,391.99543598174927,391.9950543252724,-0.0016855732205369447,PASS
6,A4,440.0,440.00000060229144,2.369789597236894e-06,PASS
7,B4,493.8833012561241,493.8736748317508,-0.03374431980709657,PASS
8,C5,523.2511306011972,523.22298284425,-0.09313246188796981,PASS
